variable,value
lat_max,39.915445666667
lat_min,39.893743166667
lon_max,-75.3261105
lon_min,-75.4602045
